{
  "fold_id": 216,
  "interval": 42,
  "params": {
    "window": 21,
    "units": 36,
    "lr": 0.001163364,
    "epochs": 20,
    "threshold": 0.74729502
  },
  "test_stats": {
    "sharpe": 0.5851730764024483,
    "mdd": 0.17708245384424748,
    "turnover": 49.0
  }
}