{
  "fold_id": 246,
  "interval": 42,
  "params": {
    "window": 20,
    "units": 36,
    "lr": 0.001239401,
    "epochs": 20,
    "threshold": 0.7
  },
  "cumulative_return": -0.014592916214740126
}