{
  "fold_id": 259,
  "interval": 42,
  "source": "GA+BO_knee",
  "params": {
    "p": 2,
    "q": 1,
    "threshold": 0.5999882947877365
  },
  "daily_volatility": 0.00411623096490153,
  "annualized_volatility": 0.06534314083219732,
  "window": 63,
  "periods_per_year": 252
}