{
  "fold_id": 226,
  "interval": 42,
  "source": "GA+BO_knee",
  "params": {
    "p": 1,
    "q": 3,
    "threshold": 0.5999999956935365
  },
  "daily_volatility": 0.0042436150511269664,
  "annualized_volatility": 0.0673653005110356,
  "window": 63,
  "periods_per_year": 252
}