{
  "fold_id": 652,
  "interval": 20,
  "params": {
    "window": 20,
    "units": 36,
    "lr": 0.001,
    "epochs": 21,
    "threshold": 0.6023577963537091
  },
  "test_stats": {
    "sharpe": 0.7991185421509691,
    "mdd": 0.12851195160824957,
    "turnover": 30.0
  }
}