{
  "fold_id": 80,
  "interval": 20,
  "source": "GA+BO_knee",
  "params": {
    "p": 5,
    "q": 2,
    "threshold": 0.5999725546194996
  },
  "daily_volatility": 0.004139034705013719,
  "annualized_volatility": 0.06570513898399133,
  "window": 63,
  "periods_per_year": 252
}