{
  "fold_id": 216,
  "interval": 20,
  "params": {
    "window": 10,
    "units": 119,
    "lr": 0.001737,
    "epochs": 14,
    "threshold": 0.872
  },
  "test_stats": {
    "sharpe": 0.5606129890516237,
    "mdd": 0.182606969579807,
    "turnover": 123.0
  }
}