{
  "fold_id": 259,
  "interval": 20,
  "source": "GA+BO_knee",
  "params": {
    "p": 2,
    "q": 1,
    "threshold": 0.1749482164700646
  },
  "daily_volatility": 0.013017501561075374,
  "annualized_volatility": 0.20664643093200316,
  "window": 63,
  "periods_per_year": 252
}