{
  "fold_id": 216,
  "interval": 10,
  "params": {
    "window": 20,
    "units": 36,
    "lr": 0.002,
    "epochs": 20,
    "threshold": 0.5
  },
  "test_stats": {
    "sharpe": 0.3279303229000402,
    "mdd": 0.2432482094900413,
    "turnover": 102.0
  }
}