{
  "fold_id": 347,
  "interval": 10,
  "source": "GA+BO_knee",
  "params": {
    "p": 4,
    "q": 1,
    "threshold": 0.5999889089902205
  },
  "test_stats": {
    "sharpe": 1.3935121589315866,
    "mdd": 0.08042953495037923,
    "turnover": 111.07758215265541
  }
}