{
  "fold_id": 80,
  "interval": 10,
  "source": "GA+BO_knee",
  "params": {
    "p": 5,
    "q": 6,
    "threshold": 0.5999509603490073
  },
  "daily_volatility": 0.008945260023123739,
  "annualized_volatility": 0.14200160060395983,
  "window": 63,
  "periods_per_year": 252
}