{
  "fold_id": 226,
  "interval": 20,
  "source": "GA+BO_knee",
  "params": {
    "p": 3,
    "q": 1,
    "threshold": 0.5999991474396146
  },
  "cumulative_return": 0.9163849615444746
}