{
  "fold_id": 343,
  "interval": 10,
  "source": "GA+BO_knee",
  "params": {
    "p": 1,
    "q": 1,
    "threshold": 0.5999898047312269
  },
  "test_stats": {
    "sharpe": 1.7645645943671504,
    "mdd": 0.06310446575725984,
    "turnover": 44.595846180954474
  }
}