{
  "fold_id": 652,
  "interval": 20,
  "params": {
    "window": 20,
    "units": 36,
    "lr": 0.001,
    "epochs": 21,
    "threshold": 0.6023577963537091
  },
  "cumulative_return": 0.07900939997581435
}