{
  "fold_id": 35,
  "interval": 42,
  "params": {
    "window": 23,
    "units": 36,
    "lr": 0.001005078,
    "epochs": 30,
    "threshold": 0.612037475
  },
  "test_stats": {
    "sharpe": -0.057544439513608485,
    "mdd": 0.2205167908425066,
    "turnover": 42.0
  }
}