{
  "fold_id": 206,
  "interval": 42,
  "params": {
    "window": 20,
    "units": 36,
    "lr": 0.000989106,
    "epochs": 31,
    "threshold": 0.7
  },
  "cumulative_return": 0.34953910554194834
}