{
  "fold_id": 226,
  "interval": 10,
  "source": "GA+BO_knee",
  "params": {
    "p": 2,
    "q": 2,
    "threshold": 0.5999999997141324
  },
  "daily_volatility": 0.004731991144650911,
  "annualized_volatility": 0.07511803064943708,
  "window": 63,
  "periods_per_year": 252
}