{
  "fold_id": 80,
  "interval": 20,
  "source": "GA+BO_knee",
  "params": {
    "p": 5,
    "q": 2,
    "threshold": 0.5999725546194996
  },
  "test_stats": {
    "sharpe": 1.6808490999984025,
    "mdd": 0.07487622388366166,
    "turnover": 79.75879180040246
  }
}