{
  "fold_id": 584,
  "interval": 10,
  "source": "GA+BO_knee",
  "params": {
    "p": 5,
    "q": 7,
    "threshold": 0.5998744775900249
  },
  "test_stats": {
    "sharpe": 1.1745156154267609,
    "mdd": 0.15273802778110082,
    "turnover": 501.82336179127583
  }
}