{
  "fold_id": 259,
  "interval": 20,
  "source": "GA+BO_knee",
  "params": {
    "p": 2,
    "q": 1,
    "threshold": 0.1749482164700646
  },
  "cumulative_return": 6.754877516418147
}