{
  "fold_id": 113,
  "interval": 42,
  "source": "GA+BO_knee",
  "params": {
    "p": 2,
    "q": 2,
    "threshold": 0.5998101206543118
  },
  "daily_volatility": 0.0044676775095480094,
  "annualized_volatility": 0.07092218176980258,
  "window": 63,
  "periods_per_year": 252
}