{
  "fold_id": 347,
  "interval": 10,
  "source": "GA+BO_knee",
  "params": {
    "p": 4,
    "q": 1,
    "threshold": 0.5999889089902205
  },
  "daily_volatility": 0.004403792943380467,
  "annualized_volatility": 0.06990804572163517,
  "window": 63,
  "periods_per_year": 252
}