{
  "fold_id": 347,
  "interval": 20,
  "params": {
    "window": 23,
    "units": 36,
    "lr": 0.000998833,
    "epochs": 20,
    "threshold": 0.536652044
  },
  "cumulative_return": 0.8177347741550458
}