{
  "fold_id": 113,
  "interval": 20,
  "source": "GA+BO_knee",
  "params": {
    "p": 2,
    "q": 2,
    "threshold": 0.5988844703823973
  },
  "cumulative_return": 0.8168724003187453
}