{
  "fold_id": 159,
  "interval": 42,
  "params": {
    "window": 20,
    "units": 36,
    "lr": 0.002711246,
    "epochs": 20,
    "threshold": 0.644300017
  },
  "test_stats": {
    "sharpe": 1.0328140656711344,
    "mdd": 0.09395859603661734,
    "turnover": 37.0
  }
}