{
  "fold_id": 35,
  "interval": 20,
  "source": "GA+BO_knee",
  "params": {
    "p": 4,
    "q": 3,
    "threshold": 0.5999569251860853
  },
  "daily_volatility": 0.00411490154781501,
  "annualized_volatility": 0.06532203699019966,
  "window": 63,
  "periods_per_year": 252
}