{
  "fold_id": 159,
  "interval": 20,
  "params": {
    "window": 21,
    "units": 36,
    "lr": 0.0005,
    "epochs": 24,
    "threshold": 0.700000509
  },
  "cumulative_return": -0.2580937227897653
}