{
  "fold_id": 364,
  "interval": 42,
  "params": {
    "window": 20,
    "units": 36,
    "lr": 0.000858543,
    "epochs": 13,
    "threshold": 0.62228123
  },
  "test_stats": {
    "sharpe": 0.015911712092685937,
    "mdd": 0.3868001130235383,
    "turnover": 67.0
  }
}