{
  "fold_id": 246,
  "interval": 10,
  "params": {
    "window": 10,
    "units": 38,
    "lr": 0.007015,
    "epochs": 26,
    "threshold": 0.823
  },
  "cumulative_return": -0.3420891516912338
}