{
  "fold_id": 347,
  "interval": 42,
  "source": "GA+BO_knee",
  "params": {
    "p": 6,
    "q": 1,
    "threshold": 0.5999999997098503
  },
  "cumulative_return": 0.8036451042916406
}