{
  "fold_id": 3,
  "interval": 42,
  "params": {
    "window": 21,
    "units": 36,
    "lr": 0.001,
    "epochs": 30,
    "threshold": 0.491725238
  },
  "cumulative_return": 0.6305971309262095
}