{
  "fold_id": 347,
  "interval": 10,
  "source": "GA+BO_knee",
  "params": {
    "p": 4,
    "q": 1,
    "threshold": 0.5999999807303626
  },
  "cumulative_return": 0.7725234128895198
}