{
  "fold_id": 347,
  "interval": 20,
  "source": "GA+BO_knee",
  "params": {
    "p": 6,
    "q": 1,
    "threshold": 0.5999941782388035
  },
  "cumulative_return": 0.8671296598911509
}