{
  "fold_id": 113,
  "interval": 10,
  "source": "GA+BO_knee",
  "params": {
    "p": 7,
    "q": 7,
    "threshold": 0.5999949402061271
  },
  "daily_volatility": 0.009690077248465732,
  "annualized_volatility": 0.15382520750667225,
  "window": 63,
  "periods_per_year": 252
}