{
  "fold_id": 216,
  "interval": 20,
  "params": {
    "window": 10,
    "units": 119,
    "lr": 0.001737,
    "epochs": 14,
    "threshold": 0.872
  },
  "cumulative_return": 0.3995773698713485
}