{
  "fold_id": 634,
  "interval": 20,
  "source": "GA+BO_knee",
  "params": {
    "p": 5,
    "q": 5,
    "threshold": 0.5999970760759517
  },
  "cumulative_return": 0.9927765391573247
}