{
  "fold_id": 35,
  "interval": 20,
  "params": {
    "window": 20,
    "units": 36,
    "lr": 0.002434859,
    "epochs": 20,
    "threshold": 0.7
  },
  "cumulative_return": 1.3375087005540167
}