Fold,Interval,HV (GA),HV (GA+BO),ΔHV
3,10,0.0037193219819091,0.0199972481160636,0.016277926134154498
206,10,0.0160587853733207,0.0237087079740558,0.0076499226007351005
246,10,0.0038533671054202,0.0045170251854732,0.0006636580800530004
216,20,0.0005422691514667,0.0052123611273496,0.0046700919758829
206,42,0.003701269000143,0.0254497333057355,0.0217484643055925
347,42,0.0003202985615555,0.003935427944352,0.0036151293827965
