{
  "fold_id": 206,
  "interval": 20,
  "params": {
    "window": 20,
    "units": 41,
    "lr": 0.001001301,
    "epochs": 20,
    "threshold": 0.709137647
  },
  "test_stats": {
    "sharpe": 0.16061220067805307,
    "mdd": 0.19804329517423647,
    "turnover": 55.0
  }
}