{
  "fold_id": 347,
  "interval": 42,
  "params": {
    "window": 10,
    "units": 119,
    "lr": 0.001737,
    "epochs": 14,
    "threshold": 0.872
  },
  "test_stats": {
    "sharpe": 0.8710586536049101,
    "mdd": 0.1395151598160775,
    "turnover": 114.0
  }
}