{
  "fold_id": 259,
  "interval": 42,
  "source": "GA+BO_knee",
  "params": {
    "p": 2,
    "q": 1,
    "threshold": 0.5999882947877365
  },
  "test_stats": {
    "sharpe": 1.6422371868373353,
    "mdd": 0.08653376402252866,
    "turnover": 14.084631594671567
  }
}