{
  "fold_id": 35,
  "interval": 20,
  "source": "GA+BO_knee",
  "params": {
    "p": 4,
    "q": 3,
    "threshold": 0.5999569251860853
  },
  "cumulative_return": 0.92077172883576
}