{
  "fold_id": 444,
  "interval": 10,
  "source": "GA+BO_knee",
  "params": {
    "p": 2,
    "q": 1,
    "threshold": 0.0656622170090816
  },
  "daily_volatility": 0.02631513058610791,
  "annualized_volatility": 0.4177397474941855,
  "window": 63,
  "periods_per_year": 252
}