{
  "fold_id": 80,
  "interval": 42,
  "source": "GA+BO_knee",
  "params": {
    "p": 6,
    "q": 2,
    "threshold": 0.5999993303692556
  },
  "daily_volatility": 0.004582871733608632,
  "annualized_volatility": 0.07275083338581535,
  "window": 63,
  "periods_per_year": 252
}