{
  "fold_id": 400,
  "interval": 42,
  "params": {
    "window": 19,
    "units": 36,
    "lr": 0.000320568,
    "epochs": 30,
    "threshold": 0.6
  },
  "cumulative_return": 0.2098927132135322
}