Model,retrain_interval,avg_sharpe,median_mdd,avg_ann_return,n
ARIMA-GARCH,10,1.4649426604638907,0.1238760863846741,0.32385719621809994,11
ARIMA-GARCH,20,1.5111850818017907,0.07,0.1306830798261558,11
ARIMA-GARCH,42,1.3333227678483033,0.09,0.10,11
LSTM,10,0.5172971245384616,0.24,0.08,13
LSTM,20,0.6322787683863311,0.22,0.09,14
LSTM,42,0.3933692025384615,0.29,0.06,13