Model,Avg. Sharpe Ratio,Median MDD,Avg. Annualized Return,n_backtests
ARIMA-GARCH,1.4364835033713284,0.09,0.18420528758589466,33
LSTM,0.5172641252352159,0.24,0.08,40