{
  "fold_id": 259,
  "interval": 10,
  "source": "GA+BO_knee",
  "params": {
    "p": 6,
    "q": 6,
    "threshold": 0.5960760453680224
  },
  "daily_volatility": 0.009521336941053832,
  "annualized_volatility": 0.1511465381692854,
  "window": 63,
  "periods_per_year": 252
}