{
  "fold_id": 35,
  "interval": 42,
  "source": "GA+BO_knee",
  "params": {
    "p": 5,
    "q": 4,
    "threshold": 0.5999704845262532
  },
  "cumulative_return": 0.6481413103427325
}