{
  "fold_id": 226,
  "interval": 42,
  "source": "GA+BO_knee",
  "params": {
    "p": 1,
    "q": 3,
    "threshold": 0.5999999956935365
  },
  "cumulative_return": 0.8265482609165447
}