{
  "fold_id": 400,
  "interval": 20,
  "params": {
    "window": 20,
    "units": 39,
    "lr": 0.000501831,
    "epochs": 30,
    "threshold": 0.6942628
  },
  "test_stats": {
    "sharpe": 0.348914036574345,
    "mdd": 0.1425852952220409,
    "turnover": 37.0
  }
}