{
  "fold_id": 444,
  "interval": 10,
  "source": "GA+BO_knee",
  "params": {
    "p": 2,
    "q": 1,
    "threshold": 0.0656622170090816
  },
  "cumulative_return": 91.23695031268747
}