{
  "fold_id": 444,
  "interval": 20,
  "params": {
    "window": 20,
    "units": 36,
    "lr": 0.000984348,
    "epochs": 20,
    "threshold": 0.600786632
  },
  "test_stats": {
    "sharpe": 0.34148752971148905,
    "mdd": 0.15704223728818367,
    "turnover": 42.0
  }
}