{
  "fold_id": 364,
  "interval": 10,
  "params": {
    "window": 21,
    "units": 36,
    "lr": 0.002030895,
    "epochs": 20,
    "threshold": 0.5
  },
  "cumulative_return": 0.15359967215816694
}